code;country;society;logo
GER;Germany;DIU;DIU_1.svg
GER;Germany;DIU;DIU_2.svg
GER;Germany;DIU;DIU_3.svg
GER;Germany;DIU;DIU_4.svg
GER;Germany;DIU;DIUausgeschriebn.svg
GER;Germany;DIU;DIUausgeschriebn2.svg
GER;Germany;Admin;Admin.svg
GER;Germany;ARD;ARD.svg
GER;Germany;Climate;Climate.svg
GER;Germany;Energy;Energy.svg
GER;Germany;ESE;ESE.svg
GER;Germany;FPD;FPD.svg
GER;Germany;Framework;Framework.svg
GER;Germany;FSD;FSD.svg
GER;Germany;Governance;Governance.svg
GER;Germany;Health;Health.svg
GER;Germany;M&E;M&E.svg
GER;Germany;NRM;NRM.svg
GER;Germany;Nutrition;Nutrition.svg
GER;Germany;PFM;PFM.svg
GER;Germany;PSD;PSD.svg
GER;Germany;Water;Water.svg
